id,title,description,image_link,link,product_type,brand,price,availability,item_group_id,checkout_url,additional_image_link,sale_price_effective_date,sale_price,condition,visibility,gender,color,size,pattern,google_product_category,default_product,variant
wc_post_id_2841,"Giftcard $9000","Vale por $9000 para usar en cualquier producto de la tienda.",https://distopia.com.ar/wp-content/uploads/2022/10/Sin-titulo-3_Mesa-de-trabajo-1-copia-2.jpg,https://distopia.com.ar/producto/giftcard-9000/,"Sin categorizar","Distopía",0ARS,in stock,wc_post_id_2841,,,,0,new,published,,,,,,,
wc_post_id_2838,"Giftcard $3000","Vale por $3000 para usar en cualquier producto de la tienda.",https://distopia.com.ar/wp-content/uploads/2022/10/Sin-titulo-3_Mesa-de-trabajo-1-copia.jpg,https://distopia.com.ar/producto/giftcard-3000/,"Giftcard","Distopía",0ARS,in stock,wc_post_id_2838,,,,0,new,hidden,,,,,,,
wc_post_id_2834,"Giftcard $6000","Vale por $6000 para usar en cualquier producto de la tienda.",https://distopia.com.ar/wp-content/uploads/2022/10/Sin-titulo-3_Mesa-de-trabajo-1.jpg,https://distopia.com.ar/producto/giftcard-6000/,"Giftcard","Distopía",6000ARS,in stock,wc_post_id_2834,,,,0,new,hidden,,,,,,,
wc_post_id_2814,"Remera Vulcano - Segunda Mano - Talle 7 Rosa","La falla de esta prenda se encuentra en la esquina inferior izquierda delantera y consta de una mancha clara de 1 cm de diámetro. 
 
Remera 100% algodón peinado. 
 
La tabla de talles está confeccionada pensando en un rango aproximado de las medidas del cuerpo en una remera diseñada para usarse con un calce justo. Los talles tienden a rendir hacia arriba, es decir que si estás entre dos talles, optá por el más chico. Queda a elección tuya cuánto querés que te ajuste. Cualquier duda, escribinos por WhatsApp.",https://distopia.com.ar/wp-content/uploads/2022/07/Talle-7-rosa-scaled.jpg,https://distopia.com.ar/producto/remera-vulcano-segunda-mano-talle-7-rosa/,"Arriba, Segunda Mano","Distopía",3000ARS,in stock,wc_post_id_2814,,"https://distopia.com.ar/wp-content/uploads/2022/07/Talle-7-rosa-detalle-scaled.jpg",1970-01-29T00:00+00:00/2038-01-17T23:59+00:00,1400ARS,new,published,,,,,,,
wc_post_id_2810,"Remera Vulcano - Segunda Mano - Talle 6 Rosa","La falla de esta prenda se encuentra cerca de la axila delantera y consta de una pequeña mancha como de lápiz de medio cm de largo. 
 
Remera 100% algodón peinado. 
 
La tabla de talles está confeccionada pensando en un rango aproximado de las medidas del cuerpo en una remera diseñada para usarse con un calce justo. Los talles tienden a rendir hacia arriba, es decir que si estás entre dos talles, optá por el más chico. Queda a elección tuya cuánto querés que te ajuste. Cualquier duda, escribinos por WhatsApp.",https://distopia.com.ar/wp-content/uploads/2022/07/Talle-6-rosa-scaled.jpg,https://distopia.com.ar/producto/remera-vulcano-segunda-mano-talle-6-rosa/,"Arriba, Segunda Mano","Distopía",3000ARS,in stock,wc_post_id_2810,,"https://distopia.com.ar/wp-content/uploads/2022/07/Talle-6-rosa-detalle-scaled.jpg",1970-01-29T00:00+00:00/2038-01-17T23:59+00:00,1400ARS,new,published,,,,,,,
wc_post_id_2806,"Remera Vulcano - Segunda Mano - Talle 5 Celeste (2)","La falla de esta prenda se encuentra debajo del busto delantero y consta de una pequeña mancha clara de 1 cm de diámetro. 
 
Remera 100% algodón peinado. 
 
La tabla de talles está confeccionada pensando en un rango aproximado de las medidas del cuerpo en una remera diseñada para usarse con un calce justo. Los talles tienden a rendir hacia arriba, es decir que si estás entre dos talles, optá por el más chico. Queda a elección tuya cuánto querés que te ajuste. Cualquier duda, escribinos por WhatsApp.",https://distopia.com.ar/wp-content/uploads/2022/07/Talle-5-celeste-mancha-grande-scaled.jpg,https://distopia.com.ar/producto/remera-vulcano-segunda-mano-talle-5-celeste-2/,"Arriba, Segunda Mano","Distopía",3000ARS,in stock,wc_post_id_2806,,"https://distopia.com.ar/wp-content/uploads/2022/07/Talle-5-celeste-mancha-grande-detalle-scaled.jpg",1970-01-29T00:00+00:00/2038-01-17T23:59+00:00,1400ARS,new,published,,,,,,,
wc_post_id_2802,"Remera Vulcano - Segunda Mano - Talle 5 Celeste","La falla de esta prenda se encuentra debajo del busto delantero y consta de una pequeña mancha clara de medio cm de diámetro. 
 
Remera 100% algodón peinado. 
 
La tabla de talles está confeccionada pensando en un rango aproximado de las medidas del cuerpo en una remera diseñada para usarse con un calce justo. Los talles tienden a rendir hacia arriba, es decir que si estás entre dos talles, optá por el más chico. Queda a elección tuya cuánto querés que te ajuste. Cualquier duda, escribinos por WhatsApp.",https://distopia.com.ar/wp-content/uploads/2022/07/Talle-5-celeste-mancha-chica-scaled.jpg,https://distopia.com.ar/producto/remera-vulcano-segunda-mano-talle-5-celeste/,"Arriba, Segunda Mano","Distopía",3000ARS,in stock,wc_post_id_2802,,"https://distopia.com.ar/wp-content/uploads/2022/07/Talle-5-celeste-mancha-chica-detalle-scaled.jpg",1970-01-29T00:00+00:00/2038-01-17T23:59+00:00,1400ARS,new,published,,,,,,,
wc_post_id_2778,"Remera Vulcano - Segunda Mano - Talle 1 Celeste","La falla de esta prenda se encuentra en el escote delantero y consta de un pequeño corrimiento en el textil producto de un error de costura. 
 
Remera 100% algodón peinado. 
 
La tabla de talles está confeccionada pensando en un rango aproximado de las medidas del cuerpo en una remera diseñada para usarse con un calce justo. Los talles tienden a rendir hacia arriba, es decir que si estás entre dos talles, optá por el más chico. Queda a elección tuya cuánto querés que te ajuste. Cualquier duda, escribinos por WhatsApp.",https://distopia.com.ar/wp-content/uploads/2022/07/Talle-1-celeste-scaled.jpg,https://distopia.com.ar/producto/remera-vulcano-segunda-mano-talle-1-celeste/,"Arriba, Segunda Mano","Distopía",3000ARS,out of stock,wc_post_id_2778,,"https://distopia.com.ar/wp-content/uploads/2022/07/Talle-1-celeste-detalle-scaled.jpg",1970-01-29T00:00+00:00/2038-01-17T23:59+00:00,1400ARS,new,published,,,,,,,
0001_2601,"Polera Penrose","Talle: 1, Color: Blanco/Gris",https://distopia.com.ar/wp-content/uploads/2022/05/blanca-adelante-scaled.jpg,https://distopia.com.ar/producto/polera-penrose/?attribute_pa_talle=1&attribute_pa_color=blancogris,"Arriba","Distopía",4500ARS,out of stock,0001_2438,,"https://distopia.com.ar/wp-content/uploads/2022/05/negra-adelante-scaled.jpg,https://distopia.com.ar/wp-content/uploads/2022/05/blanca-atras-scaled.jpg",1970-01-29T00:00+00:00/2038-01-17T23:59+00:00,3600ARS,new,published,,,,,,,"talle:1/2/3/4/5/6/7/8/9/10:1"
wc_post_id_2597,"Remera Vulcano","Color: Celeste/Azul, Talle: 10",https://distopia.com.ar/wp-content/uploads/2022/05/rosa-adelante-2-scaled.jpg,https://distopia.com.ar/producto/remera-vulcano/?attribute_pa_color=celesteazul&attribute_pa_talle=10,"Arriba","Distopía",3000ARS,in stock,wc_post_id_2468,,"https://distopia.com.ar/wp-content/uploads/2022/05/rosa-atras-2-scaled.jpg,https://distopia.com.ar/wp-content/uploads/2022/02/3-scaled.jpg,https://distopia.com.ar/wp-content/uploads/2022/05/rosa-adelante-scaled.jpg,https://distopia.com.ar/wp-content/uploads/2022/02/2-scaled.jpg,https://distopia.com.ar/wp-content/uploads/2022/05/rosa-atras-scaled.jpg",1970-01-29T00:00+00:00/2038-01-17T23:59+00:00,2400ARS,new,published,,,,,,,"talle:1/2/3/4/5/6/7/8/9/10:10"
wc_post_id_2596,"Remera Vulcano","Color: Rosa/Gris, Talle: 10",https://distopia.com.ar/wp-content/uploads/2022/05/rosa-adelante-2-scaled.jpg,https://distopia.com.ar/producto/remera-vulcano/?attribute_pa_color=rosagris&attribute_pa_talle=10,"Arriba","Distopía",3000ARS,in stock,wc_post_id_2468,,"https://distopia.com.ar/wp-content/uploads/2022/05/rosa-atras-2-scaled.jpg,https://distopia.com.ar/wp-content/uploads/2022/02/3-scaled.jpg,https://distopia.com.ar/wp-content/uploads/2022/05/rosa-adelante-scaled.jpg,https://distopia.com.ar/wp-content/uploads/2022/02/2-scaled.jpg,https://distopia.com.ar/wp-content/uploads/2022/05/rosa-atras-scaled.jpg",1970-01-29T00:00+00:00/2038-01-17T23:59+00:00,2400ARS,new,published,,,,,,,"talle:1/2/3/4/5/6/7/8/9/10:10"
wc_post_id_2595,"Remera Vulcano","Color: Celeste/Azul, Talle: 9",https://distopia.com.ar/wp-content/uploads/2022/05/rosa-adelante-2-scaled.jpg,https://distopia.com.ar/producto/remera-vulcano/?attribute_pa_color=celesteazul&attribute_pa_talle=9,"Arriba","Distopía",3000ARS,in stock,wc_post_id_2468,,"https://distopia.com.ar/wp-content/uploads/2022/05/rosa-atras-2-scaled.jpg,https://distopia.com.ar/wp-content/uploads/2022/02/3-scaled.jpg,https://distopia.com.ar/wp-content/uploads/2022/05/rosa-adelante-scaled.jpg,https://distopia.com.ar/wp-content/uploads/2022/02/2-scaled.jpg,https://distopia.com.ar/wp-content/uploads/2022/05/rosa-atras-scaled.jpg",1970-01-29T00:00+00:00/2038-01-17T23:59+00:00,2400ARS,new,published,,,,,,,"talle:1/2/3/4/5/6/7/8/9/10:9"
wc_post_id_2594,"Remera Vulcano","Color: Rosa/Gris, Talle: 9",https://distopia.com.ar/wp-content/uploads/2022/05/rosa-adelante-2-scaled.jpg,https://distopia.com.ar/producto/remera-vulcano/?attribute_pa_color=rosagris&attribute_pa_talle=9,"Arriba","Distopía",3000ARS,in stock,wc_post_id_2468,,"https://distopia.com.ar/wp-content/uploads/2022/05/rosa-atras-2-scaled.jpg,https://distopia.com.ar/wp-content/uploads/2022/02/3-scaled.jpg,https://distopia.com.ar/wp-content/uploads/2022/05/rosa-adelante-scaled.jpg,https://distopia.com.ar/wp-content/uploads/2022/02/2-scaled.jpg,https://distopia.com.ar/wp-content/uploads/2022/05/rosa-atras-scaled.jpg",1970-01-29T00:00+00:00/2038-01-17T23:59+00:00,2400ARS,new,published,,,,,,,"talle:1/2/3/4/5/6/7/8/9/10:9"
wc_post_id_2593,"Remera Vulcano","Color: Celeste/Azul, Talle: 8",https://distopia.com.ar/wp-content/uploads/2022/05/rosa-adelante-2-scaled.jpg,https://distopia.com.ar/producto/remera-vulcano/?attribute_pa_color=celesteazul&attribute_pa_talle=8,"Arriba","Distopía",3000ARS,out of stock,wc_post_id_2468,,"https://distopia.com.ar/wp-content/uploads/2022/05/rosa-atras-2-scaled.jpg,https://distopia.com.ar/wp-content/uploads/2022/02/3-scaled.jpg,https://distopia.com.ar/wp-content/uploads/2022/05/rosa-adelante-scaled.jpg,https://distopia.com.ar/wp-content/uploads/2022/02/2-scaled.jpg,https://distopia.com.ar/wp-content/uploads/2022/05/rosa-atras-scaled.jpg",1970-01-29T00:00+00:00/2038-01-17T23:59+00:00,2400ARS,new,published,,,,,,,"talle:1/2/3/4/5/6/7/8/9/10:8"
wc_post_id_2592,"Remera Vulcano","Color: Rosa/Gris, Talle: 5",https://distopia.com.ar/wp-content/uploads/2022/05/rosa-adelante-2-scaled.jpg,https://distopia.com.ar/producto/remera-vulcano/?attribute_pa_color=rosagris&attribute_pa_talle=5,"Arriba","Distopía",3000ARS,in stock,wc_post_id_2468,,"https://distopia.com.ar/wp-content/uploads/2022/05/rosa-atras-2-scaled.jpg,https://distopia.com.ar/wp-content/uploads/2022/02/3-scaled.jpg,https://distopia.com.ar/wp-content/uploads/2022/05/rosa-adelante-scaled.jpg,https://distopia.com.ar/wp-content/uploads/2022/02/2-scaled.jpg,https://distopia.com.ar/wp-content/uploads/2022/05/rosa-atras-scaled.jpg",1970-01-29T00:00+00:00/2038-01-17T23:59+00:00,2400ARS,new,published,,,,,,,"talle:1/2/3/4/5/6/7/8/9/10:5"
wc_post_id_2591,"Remera Vulcano","Color: Rosa/Gris, Talle: 4",https://distopia.com.ar/wp-content/uploads/2022/05/rosa-adelante-2-scaled.jpg,https://distopia.com.ar/producto/remera-vulcano/?attribute_pa_color=rosagris&attribute_pa_talle=4,"Arriba","Distopía",3000ARS,in stock,wc_post_id_2468,,"https://distopia.com.ar/wp-content/uploads/2022/05/rosa-atras-2-scaled.jpg,https://distopia.com.ar/wp-content/uploads/2022/02/3-scaled.jpg,https://distopia.com.ar/wp-content/uploads/2022/05/rosa-adelante-scaled.jpg,https://distopia.com.ar/wp-content/uploads/2022/02/2-scaled.jpg,https://distopia.com.ar/wp-content/uploads/2022/05/rosa-atras-scaled.jpg",1970-01-29T00:00+00:00/2038-01-17T23:59+00:00,2400ARS,new,published,,,,,,,"talle:1/2/3/4/5/6/7/8/9/10:4"
wc_post_id_2590,"Remera Vulcano","Color: Rosa/Gris, Talle: 3",https://distopia.com.ar/wp-content/uploads/2022/05/rosa-adelante-2-scaled.jpg,https://distopia.com.ar/producto/remera-vulcano/?attribute_pa_color=rosagris&attribute_pa_talle=3,"Arriba","Distopía",3000ARS,in stock,wc_post_id_2468,,"https://distopia.com.ar/wp-content/uploads/2022/05/rosa-atras-2-scaled.jpg,https://distopia.com.ar/wp-content/uploads/2022/02/3-scaled.jpg,https://distopia.com.ar/wp-content/uploads/2022/05/rosa-adelante-scaled.jpg,https://distopia.com.ar/wp-content/uploads/2022/02/2-scaled.jpg,https://distopia.com.ar/wp-content/uploads/2022/05/rosa-atras-scaled.jpg",1970-01-29T00:00+00:00/2038-01-17T23:59+00:00,2400ARS,new,published,,,,,,,"talle:1/2/3/4/5/6/7/8/9/10:3"
wc_post_id_2589,"Remera Vulcano","Color: Rosa/Gris, Talle: 2",https://distopia.com.ar/wp-content/uploads/2022/05/rosa-adelante-2-scaled.jpg,https://distopia.com.ar/producto/remera-vulcano/?attribute_pa_color=rosagris&attribute_pa_talle=2,"Arriba","Distopía",3000ARS,in stock,wc_post_id_2468,,"https://distopia.com.ar/wp-content/uploads/2022/05/rosa-atras-2-scaled.jpg,https://distopia.com.ar/wp-content/uploads/2022/02/3-scaled.jpg,https://distopia.com.ar/wp-content/uploads/2022/05/rosa-adelante-scaled.jpg,https://distopia.com.ar/wp-content/uploads/2022/02/2-scaled.jpg,https://distopia.com.ar/wp-content/uploads/2022/05/rosa-atras-scaled.jpg",1970-01-29T00:00+00:00/2038-01-17T23:59+00:00,2400ARS,new,published,,,,,,,"talle:1/2/3/4/5/6/7/8/9/10:2"
wc_post_id_2588,"Remera Vulcano","Color: Rosa/Gris, Talle: 1",https://distopia.com.ar/wp-content/uploads/2022/05/rosa-adelante-2-scaled.jpg,https://distopia.com.ar/producto/remera-vulcano/?attribute_pa_color=rosagris&attribute_pa_talle=1,"Arriba","Distopía",3000ARS,in stock,wc_post_id_2468,,"https://distopia.com.ar/wp-content/uploads/2022/05/rosa-atras-2-scaled.jpg,https://distopia.com.ar/wp-content/uploads/2022/02/3-scaled.jpg,https://distopia.com.ar/wp-content/uploads/2022/05/rosa-adelante-scaled.jpg,https://distopia.com.ar/wp-content/uploads/2022/02/2-scaled.jpg,https://distopia.com.ar/wp-content/uploads/2022/05/rosa-atras-scaled.jpg",1970-01-29T00:00+00:00/2038-01-17T23:59+00:00,2400ARS,new,published,,,,,,,"talle:1/2/3/4/5/6/7/8/9/10:1"
wc_post_id_2587,"Remera Vulcano","Color: Rosa/Gris, Talle: 8",https://distopia.com.ar/wp-content/uploads/2022/05/rosa-adelante-2-scaled.jpg,https://distopia.com.ar/producto/remera-vulcano/?attribute_pa_color=rosagris&attribute_pa_talle=8,"Arriba","Distopía",3000ARS,in stock,wc_post_id_2468,,"https://distopia.com.ar/wp-content/uploads/2022/05/rosa-atras-2-scaled.jpg,https://distopia.com.ar/wp-content/uploads/2022/02/3-scaled.jpg,https://distopia.com.ar/wp-content/uploads/2022/05/rosa-adelante-scaled.jpg,https://distopia.com.ar/wp-content/uploads/2022/02/2-scaled.jpg,https://distopia.com.ar/wp-content/uploads/2022/05/rosa-atras-scaled.jpg",1970-01-29T00:00+00:00/2038-01-17T23:59+00:00,2400ARS,new,published,,,,,,,"talle:1/2/3/4/5/6/7/8/9/10:8"
wc_post_id_2586,"Remera Vulcano","Color: Celeste/Azul, Talle: 7",https://distopia.com.ar/wp-content/uploads/2022/05/rosa-adelante-2-scaled.jpg,https://distopia.com.ar/producto/remera-vulcano/?attribute_pa_color=celesteazul&attribute_pa_talle=7,"Arriba","Distopía",3000ARS,out of stock,wc_post_id_2468,,"https://distopia.com.ar/wp-content/uploads/2022/05/rosa-atras-2-scaled.jpg,https://distopia.com.ar/wp-content/uploads/2022/02/3-scaled.jpg,https://distopia.com.ar/wp-content/uploads/2022/05/rosa-adelante-scaled.jpg,https://distopia.com.ar/wp-content/uploads/2022/02/2-scaled.jpg,https://distopia.com.ar/wp-content/uploads/2022/05/rosa-atras-scaled.jpg",1970-01-29T00:00+00:00/2038-01-17T23:59+00:00,2400ARS,new,published,,,,,,,"talle:1/2/3/4/5/6/7/8/9/10:7"
wc_post_id_2585,"Remera Vulcano","Color: Rosa/Gris, Talle: 7",https://distopia.com.ar/wp-content/uploads/2022/05/rosa-adelante-2-scaled.jpg,https://distopia.com.ar/producto/remera-vulcano/?attribute_pa_color=rosagris&attribute_pa_talle=7,"Arriba","Distopía",3000ARS,out of stock,wc_post_id_2468,,"https://distopia.com.ar/wp-content/uploads/2022/05/rosa-atras-2-scaled.jpg,https://distopia.com.ar/wp-content/uploads/2022/02/3-scaled.jpg,https://distopia.com.ar/wp-content/uploads/2022/05/rosa-adelante-scaled.jpg,https://distopia.com.ar/wp-content/uploads/2022/02/2-scaled.jpg,https://distopia.com.ar/wp-content/uploads/2022/05/rosa-atras-scaled.jpg",1970-01-29T00:00+00:00/2038-01-17T23:59+00:00,2400ARS,new,published,,,,,,,"talle:1/2/3/4/5/6/7/8/9/10:7"
wc_post_id_2584,"Remera Vulcano","Color: Celeste/Azul, Talle: 6",https://distopia.com.ar/wp-content/uploads/2022/05/rosa-adelante-2-scaled.jpg,https://distopia.com.ar/producto/remera-vulcano/?attribute_pa_color=celesteazul&attribute_pa_talle=6,"Arriba","Distopía",3000ARS,in stock,wc_post_id_2468,,"https://distopia.com.ar/wp-content/uploads/2022/05/rosa-atras-2-scaled.jpg,https://distopia.com.ar/wp-content/uploads/2022/02/3-scaled.jpg,https://distopia.com.ar/wp-content/uploads/2022/05/rosa-adelante-scaled.jpg,https://distopia.com.ar/wp-content/uploads/2022/02/2-scaled.jpg,https://distopia.com.ar/wp-content/uploads/2022/05/rosa-atras-scaled.jpg",1970-01-29T00:00+00:00/2038-01-17T23:59+00:00,2400ARS,new,published,,,,,,,"talle:1/2/3/4/5/6/7/8/9/10:6"
wc_post_id_2583,"Remera Vulcano","Color: Rosa/Gris, Talle: 6",https://distopia.com.ar/wp-content/uploads/2022/05/rosa-adelante-2-scaled.jpg,https://distopia.com.ar/producto/remera-vulcano/?attribute_pa_color=rosagris&attribute_pa_talle=6,"Arriba","Distopía",3000ARS,in stock,wc_post_id_2468,,"https://distopia.com.ar/wp-content/uploads/2022/05/rosa-atras-2-scaled.jpg,https://distopia.com.ar/wp-content/uploads/2022/02/3-scaled.jpg,https://distopia.com.ar/wp-content/uploads/2022/05/rosa-adelante-scaled.jpg,https://distopia.com.ar/wp-content/uploads/2022/02/2-scaled.jpg,https://distopia.com.ar/wp-content/uploads/2022/05/rosa-atras-scaled.jpg",1970-01-29T00:00+00:00/2038-01-17T23:59+00:00,2400ARS,new,published,,,,,,,"talle:1/2/3/4/5/6/7/8/9/10:6"
wc_post_id_2582,"Remera Vulcano","Color: Celeste/Azul, Talle: 5",https://distopia.com.ar/wp-content/uploads/2022/05/rosa-adelante-2-scaled.jpg,https://distopia.com.ar/producto/remera-vulcano/?attribute_pa_color=celesteazul&attribute_pa_talle=5,"Arriba","Distopía",3000ARS,in stock,wc_post_id_2468,,"https://distopia.com.ar/wp-content/uploads/2022/05/rosa-atras-2-scaled.jpg,https://distopia.com.ar/wp-content/uploads/2022/02/3-scaled.jpg,https://distopia.com.ar/wp-content/uploads/2022/05/rosa-adelante-scaled.jpg,https://distopia.com.ar/wp-content/uploads/2022/02/2-scaled.jpg,https://distopia.com.ar/wp-content/uploads/2022/05/rosa-atras-scaled.jpg",1970-01-29T00:00+00:00/2038-01-17T23:59+00:00,2400ARS,new,published,,,,,,,"talle:1/2/3/4/5/6/7/8/9/10:5"
wc_post_id_2581,"Remera Vulcano","Color: Celeste/Azul, Talle: 4",https://distopia.com.ar/wp-content/uploads/2022/05/rosa-adelante-2-scaled.jpg,https://distopia.com.ar/producto/remera-vulcano/?attribute_pa_color=celesteazul&attribute_pa_talle=4,"Arriba","Distopía",3000ARS,in stock,wc_post_id_2468,,"https://distopia.com.ar/wp-content/uploads/2022/05/rosa-atras-2-scaled.jpg,https://distopia.com.ar/wp-content/uploads/2022/02/3-scaled.jpg,https://distopia.com.ar/wp-content/uploads/2022/05/rosa-adelante-scaled.jpg,https://distopia.com.ar/wp-content/uploads/2022/02/2-scaled.jpg,https://distopia.com.ar/wp-content/uploads/2022/05/rosa-atras-scaled.jpg",1970-01-29T00:00+00:00/2038-01-17T23:59+00:00,2400ARS,new,published,,,,,,,"talle:1/2/3/4/5/6/7/8/9/10:4"
wc_post_id_2580,"Remera Vulcano","Color: Celeste/Azul, Talle: 3",https://distopia.com.ar/wp-content/uploads/2022/05/rosa-adelante-2-scaled.jpg,https://distopia.com.ar/producto/remera-vulcano/?attribute_pa_color=celesteazul&attribute_pa_talle=3,"Arriba","Distopía",3000ARS,in stock,wc_post_id_2468,,"https://distopia.com.ar/wp-content/uploads/2022/05/rosa-atras-2-scaled.jpg,https://distopia.com.ar/wp-content/uploads/2022/02/3-scaled.jpg,https://distopia.com.ar/wp-content/uploads/2022/05/rosa-adelante-scaled.jpg,https://distopia.com.ar/wp-content/uploads/2022/02/2-scaled.jpg,https://distopia.com.ar/wp-content/uploads/2022/05/rosa-atras-scaled.jpg",1970-01-29T00:00+00:00/2038-01-17T23:59+00:00,2400ARS,new,published,,,,,,,"talle:1/2/3/4/5/6/7/8/9/10:3"
wc_post_id_2579,"Remera Vulcano","Color: Celeste/Azul, Talle: 2",https://distopia.com.ar/wp-content/uploads/2022/05/rosa-adelante-2-scaled.jpg,https://distopia.com.ar/producto/remera-vulcano/?attribute_pa_color=celesteazul&attribute_pa_talle=2,"Arriba","Distopía",3000ARS,in stock,wc_post_id_2468,,"https://distopia.com.ar/wp-content/uploads/2022/05/rosa-atras-2-scaled.jpg,https://distopia.com.ar/wp-content/uploads/2022/02/3-scaled.jpg,https://distopia.com.ar/wp-content/uploads/2022/05/rosa-adelante-scaled.jpg,https://distopia.com.ar/wp-content/uploads/2022/02/2-scaled.jpg,https://distopia.com.ar/wp-content/uploads/2022/05/rosa-atras-scaled.jpg",1970-01-29T00:00+00:00/2038-01-17T23:59+00:00,2400ARS,new,published,,,,,,,"talle:1/2/3/4/5/6/7/8/9/10:2"
wc_post_id_2578,"Remera Vulcano","Color: Celeste/Azul, Talle: 1",https://distopia.com.ar/wp-content/uploads/2022/05/rosa-adelante-2-scaled.jpg,https://distopia.com.ar/producto/remera-vulcano/?attribute_pa_color=celesteazul&attribute_pa_talle=1,"Arriba","Distopía",3000ARS,out of stock,wc_post_id_2468,,"https://distopia.com.ar/wp-content/uploads/2022/05/rosa-atras-2-scaled.jpg,https://distopia.com.ar/wp-content/uploads/2022/02/3-scaled.jpg,https://distopia.com.ar/wp-content/uploads/2022/05/rosa-adelante-scaled.jpg,https://distopia.com.ar/wp-content/uploads/2022/02/2-scaled.jpg,https://distopia.com.ar/wp-content/uploads/2022/05/rosa-atras-scaled.jpg",1970-01-29T00:00+00:00/2038-01-17T23:59+00:00,2400ARS,new,published,,,,,,,"talle:1/2/3/4/5/6/7/8/9/10:1"
0001_2458,"Polera Penrose","Talle: 10, Color: Negro/Rosa",https://distopia.com.ar/wp-content/uploads/2022/05/blanca-adelante-scaled.jpg,https://distopia.com.ar/producto/polera-penrose/?attribute_pa_talle=10&attribute_pa_color=negrorosa,"Arriba","Distopía",4500ARS,out of stock,0001_2438,,"https://distopia.com.ar/wp-content/uploads/2022/05/negra-adelante-scaled.jpg,https://distopia.com.ar/wp-content/uploads/2022/05/blanca-atras-scaled.jpg",1970-01-29T00:00+00:00/2038-01-17T23:59+00:00,3600ARS,new,published,,,,,,,"talle:1/2/3/4/5/6/7/8/9/10:10"
0001_2457,"Polera Penrose","Talle: 10, Color: Blanco/Gris",https://distopia.com.ar/wp-content/uploads/2022/05/blanca-adelante-scaled.jpg,https://distopia.com.ar/producto/polera-penrose/?attribute_pa_talle=10&attribute_pa_color=blancogris,"Arriba","Distopía",4500ARS,in stock,0001_2438,,"https://distopia.com.ar/wp-content/uploads/2022/05/negra-adelante-scaled.jpg,https://distopia.com.ar/wp-content/uploads/2022/05/blanca-atras-scaled.jpg",1970-01-29T00:00+00:00/2038-01-17T23:59+00:00,3600ARS,new,published,,,,,,,"talle:1/2/3/4/5/6/7/8/9/10:10"
0001_2456,"Polera Penrose","Talle: 9, Color: Negro/Rosa",https://distopia.com.ar/wp-content/uploads/2022/05/blanca-adelante-scaled.jpg,https://distopia.com.ar/producto/polera-penrose/?attribute_pa_talle=9&attribute_pa_color=negrorosa,"Arriba","Distopía",4500ARS,in stock,0001_2438,,"https://distopia.com.ar/wp-content/uploads/2022/05/negra-adelante-scaled.jpg,https://distopia.com.ar/wp-content/uploads/2022/05/blanca-atras-scaled.jpg",1970-01-29T00:00+00:00/2038-01-17T23:59+00:00,3600ARS,new,published,,,,,,,"talle:1/2/3/4/5/6/7/8/9/10:9"
0001_2455,"Polera Penrose","Talle: 9, Color: Blanco/Gris",https://distopia.com.ar/wp-content/uploads/2022/05/blanca-adelante-scaled.jpg,https://distopia.com.ar/producto/polera-penrose/?attribute_pa_talle=9&attribute_pa_color=blancogris,"Arriba","Distopía",4500ARS,in stock,0001_2438,,"https://distopia.com.ar/wp-content/uploads/2022/05/negra-adelante-scaled.jpg,https://distopia.com.ar/wp-content/uploads/2022/05/blanca-atras-scaled.jpg",1970-01-29T00:00+00:00/2038-01-17T23:59+00:00,3600ARS,new,published,,,,,,,"talle:1/2/3/4/5/6/7/8/9/10:9"
0001_2454,"Polera Penrose","Talle: 8, Color: Negro/Rosa",https://distopia.com.ar/wp-content/uploads/2022/05/blanca-adelante-scaled.jpg,https://distopia.com.ar/producto/polera-penrose/?attribute_pa_talle=8&attribute_pa_color=negrorosa,"Arriba","Distopía",4500ARS,in stock,0001_2438,,"https://distopia.com.ar/wp-content/uploads/2022/05/negra-adelante-scaled.jpg,https://distopia.com.ar/wp-content/uploads/2022/05/blanca-atras-scaled.jpg",1970-01-29T00:00+00:00/2038-01-17T23:59+00:00,3600ARS,new,published,,,,,,,"talle:1/2/3/4/5/6/7/8/9/10:8"
0001_2453,"Polera Penrose","Talle: 8, Color: Blanco/Gris",https://distopia.com.ar/wp-content/uploads/2022/05/blanca-adelante-scaled.jpg,https://distopia.com.ar/producto/polera-penrose/?attribute_pa_talle=8&attribute_pa_color=blancogris,"Arriba","Distopía",4500ARS,in stock,0001_2438,,"https://distopia.com.ar/wp-content/uploads/2022/05/negra-adelante-scaled.jpg,https://distopia.com.ar/wp-content/uploads/2022/05/blanca-atras-scaled.jpg",1970-01-29T00:00+00:00/2038-01-17T23:59+00:00,3600ARS,new,published,,,,,,,"talle:1/2/3/4/5/6/7/8/9/10:8"
0001_2452,"Polera Penrose","Talle: 7, Color: Negro/Rosa",https://distopia.com.ar/wp-content/uploads/2022/05/blanca-adelante-scaled.jpg,https://distopia.com.ar/producto/polera-penrose/?attribute_pa_talle=7&attribute_pa_color=negrorosa,"Arriba","Distopía",4500ARS,in stock,0001_2438,,"https://distopia.com.ar/wp-content/uploads/2022/05/negra-adelante-scaled.jpg,https://distopia.com.ar/wp-content/uploads/2022/05/blanca-atras-scaled.jpg",1970-01-29T00:00+00:00/2038-01-17T23:59+00:00,3600ARS,new,published,,,,,,,"talle:1/2/3/4/5/6/7/8/9/10:7"
0001_2451,"Polera Penrose","Talle: 7, Color: Blanco/Gris",https://distopia.com.ar/wp-content/uploads/2022/05/blanca-adelante-scaled.jpg,https://distopia.com.ar/producto/polera-penrose/?attribute_pa_talle=7&attribute_pa_color=blancogris,"Arriba","Distopía",4500ARS,in stock,0001_2438,,"https://distopia.com.ar/wp-content/uploads/2022/05/negra-adelante-scaled.jpg,https://distopia.com.ar/wp-content/uploads/2022/05/blanca-atras-scaled.jpg",1970-01-29T00:00+00:00/2038-01-17T23:59+00:00,3600ARS,new,published,,,,,,,"talle:1/2/3/4/5/6/7/8/9/10:7"
0001_2450,"Polera Penrose","Talle: 6, Color: Negro/Rosa",https://distopia.com.ar/wp-content/uploads/2022/05/blanca-adelante-scaled.jpg,https://distopia.com.ar/producto/polera-penrose/?attribute_pa_talle=6&attribute_pa_color=negrorosa,"Arriba","Distopía",4500ARS,in stock,0001_2438,,"https://distopia.com.ar/wp-content/uploads/2022/05/negra-adelante-scaled.jpg,https://distopia.com.ar/wp-content/uploads/2022/05/blanca-atras-scaled.jpg",1970-01-29T00:00+00:00/2038-01-17T23:59+00:00,3600ARS,new,published,,,,,,,"talle:1/2/3/4/5/6/7/8/9/10:6"
0001_2449,"Polera Penrose","Talle: 6, Color: Blanco/Gris",https://distopia.com.ar/wp-content/uploads/2022/05/blanca-adelante-scaled.jpg,https://distopia.com.ar/producto/polera-penrose/?attribute_pa_talle=6&attribute_pa_color=blancogris,"Arriba","Distopía",4500ARS,in stock,0001_2438,,"https://distopia.com.ar/wp-content/uploads/2022/05/negra-adelante-scaled.jpg,https://distopia.com.ar/wp-content/uploads/2022/05/blanca-atras-scaled.jpg",1970-01-29T00:00+00:00/2038-01-17T23:59+00:00,3600ARS,new,published,,,,,,,"talle:1/2/3/4/5/6/7/8/9/10:6"
0001_2448,"Polera Penrose","Talle: 5, Color: Negro/Rosa",https://distopia.com.ar/wp-content/uploads/2022/05/blanca-adelante-scaled.jpg,https://distopia.com.ar/producto/polera-penrose/?attribute_pa_talle=5&attribute_pa_color=negrorosa,"Arriba","Distopía",4500ARS,in stock,0001_2438,,"https://distopia.com.ar/wp-content/uploads/2022/05/negra-adelante-scaled.jpg,https://distopia.com.ar/wp-content/uploads/2022/05/blanca-atras-scaled.jpg",1970-01-29T00:00+00:00/2038-01-17T23:59+00:00,3600ARS,new,published,,,,,,,"talle:1/2/3/4/5/6/7/8/9/10:5"
0001_2447,"Polera Penrose","Talle: 5, Color: Blanco/Gris",https://distopia.com.ar/wp-content/uploads/2022/05/blanca-adelante-scaled.jpg,https://distopia.com.ar/producto/polera-penrose/?attribute_pa_talle=5&attribute_pa_color=blancogris,"Arriba","Distopía",4500ARS,in stock,0001_2438,,"https://distopia.com.ar/wp-content/uploads/2022/05/negra-adelante-scaled.jpg,https://distopia.com.ar/wp-content/uploads/2022/05/blanca-atras-scaled.jpg",1970-01-29T00:00+00:00/2038-01-17T23:59+00:00,3600ARS,new,published,,,,,,,"talle:1/2/3/4/5/6/7/8/9/10:5"
0001_2446,"Polera Penrose","Talle: 4, Color: Negro/Rosa",https://distopia.com.ar/wp-content/uploads/2022/05/blanca-adelante-scaled.jpg,https://distopia.com.ar/producto/polera-penrose/?attribute_pa_talle=4&attribute_pa_color=negrorosa,"Arriba","Distopía",4500ARS,in stock,0001_2438,,"https://distopia.com.ar/wp-content/uploads/2022/05/negra-adelante-scaled.jpg,https://distopia.com.ar/wp-content/uploads/2022/05/blanca-atras-scaled.jpg",1970-01-29T00:00+00:00/2038-01-17T23:59+00:00,3600ARS,new,published,,,,,,,"talle:1/2/3/4/5/6/7/8/9/10:4"
0001_2445,"Polera Penrose","Talle: 4, Color: Blanco/Gris",https://distopia.com.ar/wp-content/uploads/2022/05/blanca-adelante-scaled.jpg,https://distopia.com.ar/producto/polera-penrose/?attribute_pa_talle=4&attribute_pa_color=blancogris,"Arriba","Distopía",4500ARS,in stock,0001_2438,,"https://distopia.com.ar/wp-content/uploads/2022/05/negra-adelante-scaled.jpg,https://distopia.com.ar/wp-content/uploads/2022/05/blanca-atras-scaled.jpg",1970-01-29T00:00+00:00/2038-01-17T23:59+00:00,3600ARS,new,published,,,,,,,"talle:1/2/3/4/5/6/7/8/9/10:4"
0001_2444,"Polera Penrose","Talle: 3, Color: Negro/Rosa",https://distopia.com.ar/wp-content/uploads/2022/05/blanca-adelante-scaled.jpg,https://distopia.com.ar/producto/polera-penrose/?attribute_pa_talle=3&attribute_pa_color=negrorosa,"Arriba","Distopía",4500ARS,in stock,0001_2438,,"https://distopia.com.ar/wp-content/uploads/2022/05/negra-adelante-scaled.jpg,https://distopia.com.ar/wp-content/uploads/2022/05/blanca-atras-scaled.jpg",1970-01-29T00:00+00:00/2038-01-17T23:59+00:00,3600ARS,new,published,,,,,,,"talle:1/2/3/4/5/6/7/8/9/10:3"
0001_2443,"Polera Penrose","Talle: 3, Color: Blanco/Gris",https://distopia.com.ar/wp-content/uploads/2022/05/blanca-adelante-scaled.jpg,https://distopia.com.ar/producto/polera-penrose/?attribute_pa_talle=3&attribute_pa_color=blancogris,"Arriba","Distopía",4500ARS,in stock,0001_2438,,"https://distopia.com.ar/wp-content/uploads/2022/05/negra-adelante-scaled.jpg,https://distopia.com.ar/wp-content/uploads/2022/05/blanca-atras-scaled.jpg",1970-01-29T00:00+00:00/2038-01-17T23:59+00:00,3600ARS,new,published,,,,,,,"talle:1/2/3/4/5/6/7/8/9/10:3"
0001_2442,"Polera Penrose","Talle: 2, Color: Negro/Rosa",https://distopia.com.ar/wp-content/uploads/2022/05/blanca-adelante-scaled.jpg,https://distopia.com.ar/producto/polera-penrose/?attribute_pa_talle=2&attribute_pa_color=negrorosa,"Arriba","Distopía",4500ARS,in stock,0001_2438,,"https://distopia.com.ar/wp-content/uploads/2022/05/negra-adelante-scaled.jpg,https://distopia.com.ar/wp-content/uploads/2022/05/blanca-atras-scaled.jpg",1970-01-29T00:00+00:00/2038-01-17T23:59+00:00,3600ARS,new,published,,,,,,,"talle:1/2/3/4/5/6/7/8/9/10:2"
0001_2441,"Polera Penrose","Talle: 2, Color: Blanco/Gris",https://distopia.com.ar/wp-content/uploads/2022/05/blanca-adelante-scaled.jpg,https://distopia.com.ar/producto/polera-penrose/?attribute_pa_talle=2&attribute_pa_color=blancogris,"Arriba","Distopía",4500ARS,out of stock,0001_2438,,"https://distopia.com.ar/wp-content/uploads/2022/05/negra-adelante-scaled.jpg,https://distopia.com.ar/wp-content/uploads/2022/05/blanca-atras-scaled.jpg",1970-01-29T00:00+00:00/2038-01-17T23:59+00:00,3600ARS,new,published,,,,,,,"talle:1/2/3/4/5/6/7/8/9/10:2"
0001_2440,"Polera Penrose","Talle: 1, Color: Negro/Rosa",https://distopia.com.ar/wp-content/uploads/2022/05/blanca-adelante-scaled.jpg,https://distopia.com.ar/producto/polera-penrose/?attribute_pa_talle=1&attribute_pa_color=negrorosa,"Arriba","Distopía",4500ARS,in stock,0001_2438,,"https://distopia.com.ar/wp-content/uploads/2022/05/negra-adelante-scaled.jpg,https://distopia.com.ar/wp-content/uploads/2022/05/blanca-atras-scaled.jpg",1970-01-29T00:00+00:00/2038-01-17T23:59+00:00,3600ARS,new,published,,,,,,,"talle:1/2/3/4/5/6/7/8/9/10:1"
